{
  "1": {
    "name": "Bulbasaur",
    "attack": 49,
    "defense": 49,
    "evolveLevel": 16,
    "evolveTo": "2",
    "type": "grass",
    "moves": ["tackle", "vine whip"],
    "curve": 1.3,
    "levels": [5, 10],
    "probability": 3
  },
  "2": {
    "name": "Ivysaur",
    "attack": 62,
    "defense": 63,
    "evolveLevel": 32,
    "evolveTo": "3",
    "type": "grass",
    "moves": ["tackle", "vine whip", "razor leaf"],
    "curve": 1.3
  },
  "3": {
    "name": "Venusaur",
    "attack": 82,
    "defense": 83,
    "type": "grass",
    "moves": ["tackle", "vine whip", "razor leaf"],
    "curve": 1.3
  },
  "4": {
    "name": "Charmander",
    "attack": 52,
    "defense": 43,
    "evolveLevel": 16,
    "evolveTo": "5",
    "type": "fire",
    "moves": ["scratch", "ember", "metal claw"],
    "curve": 1.3,
    "levels": [5, 10],
    "probability": 3
  },
  "5": {
    "name": "Charmeleon",
    "attack": 64,
    "defense": 58,
    "evolveLevel": 36,
    "evolveTo": "6",
    "type": "fire",
    "moves": ["scratch", "ember", "metal claw", "flamethrower"],
    "curve": 1.3
  },
  "6": {
    "name": "Charizard",
    "attack": 84,
    "defense": 78,
    "type": "fire",
    "moves": ["flamethrower", "wing attack", "slash", "metal claw"],
    "curve": 1.3
  },
  "7": {
    "name": "Squirtle",
    "attack": 48,
    "defense": 65,
    "evolveLevel": 16,
    "evolveTo": "8",
    "type": "water",
    "moves": ["tackle", "bubble", "water gun"],
    "curve": 1.3,
    "levels": [5, 10],
    "probability": 3
  },
  "8": {
    "name": "Wartortle",
    "attack": 63,
    "defense": 80,
    "evolveLevel": 36,
    "evolveTo": "9",
    "type": "water",
    "moves": ["tackle", "bubble", "water gun", "bite"],
    "curve": 1.3
  },
  "9": {
    "name": "Blastoise",
    "attack": 83,
    "defense": 100,
    "type": "water",
    "moves": ["hydro pump", "bubble", "water gun", "bite"],
    "curve": 1.3
  },
  "10": {
    "name": "Caterpie",
    "attack": 30,
    "defense": 35,
    "evolveLevel": 7,
    "evolveTo": "11",
    "type": "bug",
    "moves": ["tackle"],
    "curve": 1.6,
    "levels": [2, 7],
    "probability": 15
  },
  "12": {
    "name": "Butterfree",
    "attack": 45,
    "defense": 50,
    "type": "bug",
    "moves": ["confusion", "gust", "psybeam", "silver wind"],
    "curve": 1.6
  }
}
